COLOR WI,COLOR YI,ODOR LVL,VOLATILE,Antiblock Type,,AO2 Type,,AO1,AO2/AO1 Ratio,Acid Scavenger,Slip Agent,Gels Performance,,,,
,,,,,,,,,,,,FE-S,FE-M,FE-L,Defect Area,Judgement
,,,,Silton,AB-GASIL,IRG-168,W399,Ir-1076,,ZNST,errucamide,,,,,
52.530,-4.600,2.000,0.007,0.000,0.176,0.000,0.113,0.045,2.511,0.045,0.084,2.700,0.300,0.000,1.040,Low Gel
54.110,-4.920,2.000,0.011,0.000,0.177,0.000,0.113,0.046,2.457,0.046,0.118,4.000,0.700,0.000,1.900,Non Low Gel
54.390,-5.230,2.000,0.015,0.000,0.186,0.000,0.117,0.048,2.438,0.048,0.106,1.700,0.300,0.000,0.690,Low Gel
53.080,-4.860,2.000,0.014,0.000,0.185,0.000,0.117,0.049,2.388,0.049,0.113,2.100,0.400,0.000,1.100,Non Low Gel
53.410,-5.000,2.000,0.006,0.000,0.184,0.000,0.116,0.048,2.417,0.048,0.120,3.000,0.600,0.000,1.600,Non Low Gel
53.540,-4.650,2.000,0.038,0.000,0.184,0.000,0.118,0.048,2.458,0.048,0.104,3.900,0.600,0.000,1.690,Non Low Gel
54.280,-4.850,2.000,0.007,0.000,0.182,0.000,0.116,0.045,2.578,0.045,0.116,2.100,0.400,0.000,0.980,Non Low Gel
54.380,-4.820,2.000,0.013,0.000,0.192,0.000,0.116,0.047,2.468,0.047,0.118,3.000,0.400,0.000,1.330,Non Low Gel
53.430,-5.190,2.000,0.058,0.000,0.188,0.000,0.117,0.048,2.438,0.048,0.112,2.400,0.300,0.000,1.030,Low Gel
54.030,-4.820,2.000,0.020,0.000,0.183,0.000,0.118,0.048,2.458,0.048,0.120,1.600,0.200,0.000,0.700,Low Gel
54.560,-4.950,2.000,0.005,0.000,0.182,0.000,0.118,0.050,2.360,0.050,0.104,4.600,0.600,0.000,1.920,Non Low Gel
52.430,-4.790,2.000,0.011,0.000,0.181,0.000,0.116,0.050,2.320,0.050,0.103,1.800,0.400,0.000,0.970,Non Low Gel
53.090,-5.160,2.000,0.013,0.000,0.179,0.000,0.117,0.048,2.438,0.048,0.114,2.600,0.300,0.000,1.100,Low Gel
54.270,-5.100,2.000,0.005,0.000,0.180,0.000,0.116,0.049,2.367,0.049,0.107,2.500,0.300,0.000,0.950,Low Gel
53.950,-5.300,2.000,0.009,0.000,0.185,0.000,0.117,0.048,2.438,0.048,0.110,3.200,0.500,0.000,1.460,Non Low Gel
53.210,-5.360,2.000,0.017,0.000,0.195,0.000,0.121,0.049,2.469,0.049,0.106,3.900,0.500,0.000,1.680,Non Low Gel
54.910,-5.260,2.000,0.012,0.000,0.179,0.000,0.122,0.049,2.490,0.049,0.106,3.000,0.300,0.000,1.090,Low Gel
54.330,-5.010,2.000,0.023,0.000,0.180,0.000,0.121,0.048,2.521,0.048,0.101,3.200,0.400,0.000,1.260,Non Low Gel
52.270,-5.100,2.000,0.019,0.000,0.177,0.000,0.122,0.049,2.490,0.049,0.121,2.900,0.500,0.000,1.290,Non Low Gel
54.180,-5.190,2.000,0.015,0.000,0.183,0.000,0.122,0.051,2.392,0.051,0.126,1.700,0.400,0.000,0.950,Non Low Gel
53.860,-5.180,2.000,0.007,0.000,0.179,0.000,0.120,0.049,2.449,0.049,0.106,2.200,0.300,0.000,0.980,Low Gel
53.460,-5.510,2.000,0.005,0.000,0.179,0.000,0.120,0.050,2.400,0.050,0.118,2.200,0.400,0.000,0.980,Non Low Gel
54.840,-5.180,2.000,0.055,0.000,0.177,0.000,0.121,0.050,2.420,0.050,0.118,2.200,0.300,0.000,0.870,Low Gel
54.380,-5.310,2.000,0.021,0.000,0.176,0.000,0.121,0.051,2.373,0.051,0.106,1.900,0.200,0.000,0.730,Low Gel
53.770,-5.150,2.000,0.010,0.000,0.188,0.000,0.121,0.051,2.373,0.051,0.113,2.500,0.400,0.000,1.180,Non Low Gel
54.590,-4.920,2.000,0.017,0.000,0.182,0.000,0.116,0.049,2.367,0.049,0.108,2.500,0.400,0.000,1.130,Non Low Gel
54.780,-5.100,2.000,0.023,0.000,0.178,0.000,0.121,0.050,2.420,0.050,0.094,2.200,0.500,0.000,1.310,Non Low Gel
54.410,-2.110,2.000,0.013,0.000,0.203,0.000,0.124,0.053,2.340,0.053,0.104,5.100,0.700,0.000,2.110,Non Low Gel
53.110,-5.050,2.000,0.007,0.000,0.180,0.000,0.122,0.050,2.440,0.050,0.097,5.300,0.700,0.000,2.170,Non Low Gel
52.500,-5.080,2.000,0.009,0.000,0.178,0.000,0.123,0.049,2.510,0.049,0.115,4.300,0.300,0.000,1.380,Low Gel
54.330,-4.930,2.000,0.027,0.000,0.180,0.000,0.120,0.050,2.400,0.050,0.101,2.300,0.300,0.000,0.910,Low Gel
53.500,-5.040,2.000,0.007,0.000,0.182,0.096,0.000,0.050,1.920,0.050,0.114,4.200,0.800,0.000,2.210,Non Low Gel
54.730,-5.700,2.000,0.027,0.000,0.183,0.090,0.000,0.049,1.837,0.049,0.112,3.300,0.400,0.000,1.430,Non Low Gel
53.860,-5.150,2.000,0.007,0.000,0.183,0.088,0.000,0.050,1.760,0.050,0.110,4.500,0.500,0.000,1.720,Non Low Gel
54.440,-4.740,2.000,0.009,0.000,0.186,0.091,0.000,0.048,1.896,0.048,0.120,2.100,0.200,0.000,0.810,Low Gel
53.910,-5.180,2.000,0.012,0.000,0.226,0.092,0.000,0.048,1.917,0.048,0.110,1.900,0.300,0.000,0.850,Low Gel
54.600,-5.250,2.000,0.019,0.000,0.199,0.099,0.000,0.048,2.063,0.048,0.122,1.800,0.200,0.000,0.620,Low Gel
54.090,-5.100,2.000,0.011,0.000,0.186,0.091,0.000,0.049,1.857,0.049,0.111,1.700,0.200,0.000,0.650,Low Gel
54.150,-4.670,2.000,0.019,0.000,0.182,0.095,0.000,0.048,1.979,0.048,0.118,1.000,0.100,0.000,0.410,Low Gel
54.720,-4.980,2.000,0.023,0.000,0.187,0.096,0.000,0.050,1.920,0.050,0.122,1.700,0.400,0.000,0.950,Non Low Gel
54.770,-4.760,2.000,0.031,0.000,0.184,0.094,0.000,0.048,1.958,0.048,0.110,2.000,0.200,0.000,0.760,Low Gel
54.270,-4.860,2.000,0.008,0.000,0.186,0.095,0.000,0.050,1.900,0.050,0.100,1.200,0.100,0.000,0.440,Low Gel
54.640,-5.040,2.000,0.007,0.000,0.182,0.101,0.000,0.049,2.061,0.049,0.116,2.100,0.400,0.000,1.130,Non Low Gel
53.930,-4.800,2.000,0.007,0.000,0.181,0.098,0.000,0.050,1.960,0.050,0.120,1.700,0.200,0.000,0.720,Low Gel
55.190,-5.270,2.000,0.019,0.000,0.176,0.095,0.000,0.049,1.939,0.049,0.109,1.500,0.400,0.000,0.870,Non Low Gel
53.550,-5.120,2.000,0.013,0.000,0.197,0.094,0.000,0.049,1.918,0.049,0.114,1.300,0.200,0.000,0.720,Low Gel
55.150,-4.740,2.000,0.007,0.000,0.182,0.095,0.000,0.050,1.900,0.050,0.109,0.900,0.200,0.000,0.470,Low Gel
53.740,-5.100,2.000,0.027,0.000,0.181,0.096,0.000,0.050,1.920,0.050,0.106,1.500,0.200,0.000,0.660,Low Gel
55.290,-4.520,2.000,0.017,0.000,0.180,0.093,0.000,0.049,1.898,0.049,0.120,1.400,0.200,0.000,0.620,Low Gel
53.070,-5.340,2.000,0.029,0.000,0.180,0.091,0.000,0.049,1.857,0.049,0.128,2.100,0.300,0.000,0.870,Low Gel
54.690,-4.660,2.000,0.010,0.000,0.183,0.097,0.000,0.048,2.021,0.048,0.111,3.400,0.700,0.000,1.930,Non Low Gel
53.550,-5.120,2.000,0.013,0.000,0.197,0.094,0.000,0.049,1.918,0.049,0.114,1.300,0.200,0.000,0.720,Low Gel
53.550,-4.450,2.000,0.011,0.000,0.177,0.091,0.000,0.049,1.857,0.049,0.113,4.700,0.400,0.000,1.530,Non Low Gel
53.980,-4.210,2.000,0.023,0.000,0.184,0.090,0.000,0.051,1.765,0.051,0.109,1.200,0.200,0.000,0.590,Low Gel
52.470,-4.270,2.000,0.027,0.000,0.185,0.091,0.000,0.050,1.820,0.050,0.102,2.900,0.800,0.000,2.040,Non Low Gel
54.090,-5.080,2.000,0.011,0.000,0.188,0.099,0.000,0.052,1.904,0.052,0.114,1.500,0.300,0.000,0.760,Low Gel
54.870,-5.080,2.000,0.011,0.000,0.187,0.099,0.000,0.053,1.868,0.053,0.104,1.600,0.400,0.000,0.970,Non Low Gel
55.220,-4.880,2.000,0.013,0.000,0.192,0.107,0.000,0.058,1.845,0.058,0.113,1.800,0.200,0.000,0.650,Low Gel
54.860,-4.720,2.000,0.029,0.000,0.210,0.109,0.000,0.056,1.946,0.056,0.109,1.700,0.200,0.000,0.640,Low Gel
54.390,-4.890,2.000,0.018,0.000,0.187,0.100,0.000,0.051,1.961,0.051,0.110,1.900,0.400,0.000,1.100,Non Low Gel
54.980,-4.840,2.000,0.005,0.000,0.201,0.100,0.000,0.052,1.923,0.052,0.118,2.700,0.300,0.000,1.120,Low Gel
53.930,-4.710,2.000,0.009,0.000,0.185,0.099,0.000,0.047,2.106,0.047,0.113,1.400,0.300,0.000,0.710,Low Gel
54.440,-5.130,2.000,0.007,0.000,0.181,0.099,0.000,0.049,2.020,0.049,0.120,4.900,1.300,0.000,3.230,Non Low Gel
55.180,-4.990,2.000,0.008,0.000,0.179,0.098,0.000,0.049,2.000,0.049,0.116,1.500,0.300,0.000,0.780,Low Gel
54.850,-4.960,2.000,0.020,0.000,0.175,0.098,0.000,0.047,2.085,0.047,0.113,1.100,0.200,0.000,0.530,Low Gel
53.900,-4.800,2.000,0.027,0.000,0.180,0.097,0.000,0.048,2.021,0.048,0.103,1.600,0.200,0.000,0.710,Low Gel
54.090,-4.900,2.000,0.014,0.000,0.178,0.096,0.000,0.047,2.043,0.047,0.116,3.000,0.400,0.000,1.390,Non Low Gel
54.170,-4.710,2.000,0.013,0.000,0.175,0.095,0.000,0.045,2.111,0.045,0.117,2.100,0.200,0.000,1.390,Low Gel
54.830,-5.120,2.000,0.008,0.000,0.181,0.097,0.000,0.057,1.702,0.057,0.109,1.400,0.300,0.000,0.000,Low Gel
54.240,-4.660,2.000,0.009,0.000,0.183,0.097,0.000,0.055,1.764,0.055,0.115,1.500,0.200,0.000,0.640,Low Gel
54.350,-4.890,2.000,0.007,0.000,0.190,0.098,0.000,0.057,1.719,0.057,0.114,1.600,0.400,0.000,1.100,Non Low Gel
53.300,-4.970,2.000,0.020,0.000,0.182,0.097,0.000,0.049,1.980,0.049,0.119,3.200,0.400,0.000,1.170,Non Low Gel
55.590,-4.690,2.000,0.025,0.000,0.186,0.097,0.000,0.048,2.021,0.048,0.098,8.200,0.700,0.000,2.800,Non Low Gel
55.340,-5.070,2.000,0.007,0.000,0.180,0.100,0.000,0.048,2.083,0.048,0.112,1.900,0.300,0.000,0.990,Low Gel
54.140,-5.200,2.000,0.027,0.000,0.172,0.095,0.000,0.045,2.111,0.045,0.091,7.700,1.300,0.000,3.800,Non Low Gel
53.180,-5.380,2.000,0.009,0.000,0.172,0.095,0.000,0.046,2.065,0.046,0.100,7.400,1.000,0.000,3.250,Non Low Gel
52.880,-4.940,2.000,0.036,0.000,0.184,0.101,0.000,0.050,2.020,0.050,0.115,3.800,0.600,0.000,1.660,Non Low Gel
53.210,-5.090,2.000,0.007,0.000,0.184,0.100,0.000,0.049,2.041,0.049,0.115,3.300,0.500,0.000,1.390,Non Low Gel
51.630,-4.390,2.000,0.007,0.000,0.201,0.099,0.000,0.046,2.152,0.046,0.119,6.600,0.600,0.000,2.200,Non Low Gel
53.150,-5.210,2.000,0.028,0.000,0.185,0.102,0.000,0.051,2.000,0.051,0.126,4.300,0.000,0.000,2.360,Low Gel
53.830,-5.270,2.000,0.013,0.000,0.191,0.106,0.000,0.051,2.078,0.051,0.110,2.200,0.200,0.000,0.000,Low Gel
52.930,-4.590,2.000,0.011,0.000,0.192,0.101,0.000,0.050,2.020,0.050,0.115,2.700,0.500,0.000,1.260,Non Low Gel
52.780,-4.810,2.000,0.025,0.000,0.191,0.103,0.000,0.050,2.060,0.050,0.118,3.000,0.300,0.000,1.150,Low Gel
53.590,-4.800,2.000,0.007,0.000,0.197,0.103,0.000,0.049,2.102,0.049,0.082,2.300,0.200,0.000,0.940,Low Gel
53.040,-4.780,2.000,0.046,0.000,0.194,0.102,0.000,0.051,2.000,0.051,0.109,3.700,0.500,0.000,1.600,Non Low Gel
53.080,-4.770,2.000,0.011,0.000,0.192,0.100,0.000,0.050,2.000,0.050,0.104,2.800,0.400,0.000,1.250,Non Low Gel
54.090,-4.810,2.000,0.014,0.000,0.212,0.103,0.000,0.052,1.981,0.052,0.118,3.400,0.400,0.000,1.340,Non Low Gel
54.210,-4.870,2.000,0.019,0.000,0.185,0.097,0.000,0.049,1.980,0.049,0.114,2.300,0.300,0.000,0.990,Low Gel
54.490,-5.300,2.000,0.007,0.000,0.183,0.098,0.000,0.052,1.885,0.052,0.110,3.000,0.300,0.000,1.110,Low Gel
54.260,-4.860,2.000,0.007,0.000,0.188,0.100,0.000,0.050,2.000,0.050,0.114,2.600,0.300,0.000,1.010,Low Gel
54.810,-4.570,2.000,0.011,0.000,0.192,0.101,0.000,0.051,1.980,0.051,0.115,2.500,0.300,0.000,1.130,Low Gel
55.370,-4.960,2.000,0.019,0.000,0.202,0.102,0.000,0.051,2.000,0.051,0.107,3.700,0.500,0.000,1.600,Non Low Gel
55.090,-4.840,2.000,0.013,0.000,0.192,0.102,0.000,0.050,2.040,0.050,0.113,2.300,0.200,0.000,0.760,Low Gel
54.350,-4.980,2.000,0.007,0.000,0.170,0.000,0.124,0.051,2.431,0.051,0.094,2.700,0.400,0.000,1.280,Non Low Gel
54.770,-5.100,2.000,0.009,0.000,0.197,0.000,0.123,0.050,2.460,0.050,0.120,2.600,0.300,0.000,1.160,Low Gel
54.100,-4.820,2.000,0.006,0.000,0.196,0.000,0.123,0.050,2.460,0.050,0.120,2.800,0.400,0.000,1.250,Non Low Gel
53.650,-5.000,2.000,0.009,0.000,0.194,0.000,0.123,0.049,2.510,0.049,0.113,2.900,0.300,0.000,1.090,Low Gel
54.980,-4.660,2.000,0.021,0.000,0.200,0.000,0.125,0.051,2.451,0.051,0.118,7.100,0.500,0.000,2.060,Non Low Gel
54.880,-4.700,2.000,0.013,0.000,0.204,0.000,0.127,0.053,2.396,0.053,0.120,4.400,0.500,0.000,1.730,Non Low Gel
55.500,-4.720,2.000,0.007,0.000,0.202,0.000,0.126,0.052,2.423,0.052,0.112,2.800,0.400,0.000,1.300,Non Low Gel
55.930,-4.940,2.000,0.008,0.000,0.220,0.000,0.123,0.051,2.412,0.051,0.113,5.900,0.900,0.000,2.610,Non Low Gel
55.830,-4.390,2.000,0.010,0.000,0.226,0.000,0.130,0.056,2.321,0.056,0.110,5.000,0.700,0.000,2.080,Non Low Gel
54.030,-4.760,2.000,0.007,0.000,0.188,0.000,0.119,0.049,2.429,0.049,0.112,3.800,0.600,0.000,1.730,Non Low Gel
53.660,-4.880,2.000,0.021,0.000,0.186,0.000,0.119,0.051,2.333,0.051,0.114,1.900,0.300,0.000,1.010,Low Gel
53.760,-4.980,2.000,0.007,0.000,0.187,0.000,0.120,0.051,2.353,0.051,0.120,2.400,0.500,0.000,1.270,Non Low Gel
52.450,-4.570,2.000,0.006,0.000,0.183,0.000,0.120,0.052,2.308,0.052,0.103,3.300,0.700,0.000,1.730,Non Low Gel
51.780,-4.520,2.000,0.011,0.000,0.186,0.000,0.120,0.047,2.553,0.047,0.110,2.700,0.400,0.000,1.180,Non Low Gel
54.610,-4.300,2.000,0.009,0.000,0.192,0.000,0.120,0.052,2.308,0.052,0.100,2.700,0.500,0.000,1.330,Non Low Gel
51.800,-4.440,2.000,0.036,0.000,0.185,0.000,0.120,0.047,2.553,0.047,0.090,3.100,0.300,0.000,1.140,Low Gel
52.070,-4.420,2.000,0.010,0.000,0.185,0.000,0.117,0.046,2.543,0.046,0.096,2.000,0.300,0.000,1.000,Low Gel
52.310,-4.310,2.000,0.031,0.000,0.184,0.000,0.119,0.049,2.429,0.049,0.119,3.200,0.300,0.000,1.290,Low Gel
50.900,-3.840,2.000,0.013,0.000,0.182,0.000,0.116,0.045,2.578,0.045,0.101,2.000,0.200,0.000,0.830,Low Gel
54.230,-3.850,2.000,0.007,0.000,0.188,0.000,0.120,0.047,2.553,0.047,0.114,2.100,0.300,0.000,0.870,Low Gel
53.960,-4.300,2.000,0.017,0.000,0.186,0.000,0.119,0.047,2.532,0.047,0.109,2.400,0.200,0.000,0.930,Low Gel
54.270,-4.100,2.000,0.028,0.000,0.196,0.000,0.123,0.050,2.460,0.050,0.115,1.700,0.300,0.000,0.860,Low Gel
54.760,-4.270,2.000,0.005,0.000,0.199,0.000,0.125,0.052,2.404,0.052,0.109,1.700,0.300,0.000,0.780,Low Gel
52.670,-4.630,2.000,0.015,0.232,0.216,0.000,0.122,0.042,2.905,0.042,0.098,2.800,0.400,0.000,1.270,Non Low Gel
54.480,-5.120,2.000,0.007,0.249,0.000,0.000,0.128,0.053,2.415,0.053,0.110,1.600,0.200,0.000,0.720,Low Gel
54.140,-4.760,2.000,0.023,0.257,0.216,0.000,0.124,0.050,2.480,0.050,0.084,5.200,0.600,0.000,2.010,Non Low Gel
53.680,-4.780,2.000,0.009,0.260,0.000,0.000,0.125,0.052,2.404,0.052,0.085,5.800,0.700,0.000,2.240,Non Low Gel
54.080,-5.090,2.000,0.023,0.268,0.000,0.000,0.127,0.053,2.396,0.053,0.102,1.900,0.400,0.000,1.100,Non Low Gel
53.650,-4.960,2.000,0.007,0.271,0.000,0.000,0.126,0.054,2.333,0.054,0.120,2.900,0.400,0.000,1.270,Non Low Gel
54.030,-5.250,2.000,0.006,0.261,0.000,0.000,0.125,0.052,2.404,0.052,0.110,4.300,0.800,0.000,2.360,Non Low Gel
52.610,-4.750,2.000,0.009,0.267,0.000,0.000,0.125,0.054,2.315,0.054,0.108,4.100,1.100,0.000,2.670,Non Low Gel
54.220,-4.910,2.000,0.006,0.265,0.000,0.000,0.114,0.052,2.192,0.052,0.104,2.100,0.300,0.000,1.340,Low Gel
55.330,-5.150,2.000,0.007,0.266,0.000,0.000,0.126,0.052,2.423,0.052,0.104,2.200,0.300,0.000,1.000,Low Gel
54.620,-5.030,2.000,0.017,0.262,0.000,0.000,0.124,0.051,2.431,0.051,0.117,2.500,0.400,0.000,1.180,Non Low Gel
53.560,-5.270,2.000,0.009,0.260,0.000,0.000,0.126,0.052,2.423,0.052,0.104,1.400,0.200,0.000,0.690,Low Gel
50.740,-5.950,2.000,0.009,0.226,0.000,0.000,0.114,0.046,2.478,0.046,0.116,2.400,0.900,0.000,2.030,Non Low Gel
51.320,-5.540,2.000,0.019,0.227,0.000,0.000,0.115,0.046,2.500,0.046,0.107,4.200,0.800,0.000,2.190,Non Low Gel
53.430,-4.910,2.000,0.015,0.240,0.216,0.000,0.115,0.046,2.500,0.046,0.107,1.800,0.400,0.000,0.920,Non Low Gel
53.660,-4.740,2.000,0.013,0.249,0.000,0.000,0.118,0.050,2.360,0.050,0.107,2.400,0.600,0.000,1.510,Non Low Gel
53.580,-4.720,2.000,0.013,0.244,0.000,0.000,0.117,0.049,2.388,0.049,0.104,2.600,0.600,0.000,1.500,Non Low Gel
53.700,-4.740,2.000,0.009,0.236,0.000,0.000,0.120,0.048,2.500,0.048,0.102,2.000,0.300,0.000,0.850,Low Gel
52.990,-5.280,2.000,0.012,0.247,0.000,0.097,0.000,0.051,1.902,0.051,0.114,7.200,0.900,0.000,3.100,Non Low Gel
54.120,-5.310,2.000,0.015,0.251,0.000,0.097,0.000,0.051,1.902,0.051,0.104,3.800,0.400,0.000,1.540,Non Low Gel
53.250,-5.700,2.000,0.015,0.243,0.000,0.095,0.000,0.049,1.939,0.049,0.108,2.300,0.400,0.000,1.060,Non Low Gel
51.840,-5.210,2.000,0.013,0.238,0.000,0.095,0.000,0.048,1.979,0.048,0.115,2.400,0.300,0.000,0.980,Low Gel
52.580,-5.220,2.000,0.012,0.244,0.000,0.093,0.000,0.047,1.979,0.047,0.117,6.700,0.300,0.000,1.890,Low Gel
53.470,-5.070,2.000,0.011,0.252,0.216,0.096,0.000,0.051,1.882,0.051,0.103,1.900,0.300,0.000,0.870,Low Gel
51.390,-5.030,2.000,0.009,0.245,0.000,0.093,0.000,0.048,1.938,0.048,0.106,0.900,0.200,0.000,0.460,Low Gel
52.560,-4.420,2.000,0.005,0.247,0.000,0.096,0.000,0.050,1.920,0.050,0.085,2.600,0.400,0.000,1.250,Non Low Gel
53.240,-4.940,2.000,0.009,0.255,0.000,0.096,0.000,0.050,1.920,0.050,0.090,2.200,0.300,0.000,1.060,Low Gel
52.040,-4.620,2.000,0.009,0.257,0.000,0.096,0.000,0.051,1.882,0.051,0.094,2.000,0.300,0.000,0.850,Low Gel
51.650,-4.840,2.000,0.011,0.258,0.000,0.097,0.000,0.050,1.940,0.050,0.102,1.700,0.200,0.000,0.690,Low Gel
53.250,-4.940,2.000,0.010,0.257,0.000,0.096,0.000,0.049,1.959,0.049,0.118,1.500,0.200,0.000,0.630,Low Gel
52.990,-4.750,2.000,0.008,0.257,0.000,0.097,0.000,0.050,1.940,0.050,0.091,2.400,0.400,0.000,1.110,Non Low Gel
52.720,-4.660,2.000,0.011,0.258,0.000,0.102,0.000,0.050,2.040,0.050,0.111,3.500,0.500,0.000,1.660,Non Low Gel
51.070,-4.750,2.000,0.007,0.261,0.000,0.098,0.000,0.050,1.960,0.050,0.097,3.800,0.700,0.000,1.990,Non Low Gel
52.960,-5.170,2.000,0.007,0.268,0.000,0.100,0.000,0.052,1.923,0.052,0.118,2.400,0.400,0.000,1.190,Non Low Gel
52.560,-5.050,2.000,0.007,0.248,0.000,0.099,0.000,0.051,1.941,0.051,0.103,2.300,0.400,0.000,1.060,Non Low Gel
51.850,-4.840,2.000,0.031,0.242,0.000,0.099,0.000,0.049,2.020,0.049,0.114,2.800,0.400,0.000,1.150,Non Low Gel
52.900,-4.850,2.000,0.007,0.247,0.000,0.098,0.000,0.052,1.885,0.052,0.102,2.200,0.300,0.000,0.950,Low Gel
51.750,-4.950,2.000,0.010,0.243,0.000,0.096,0.000,0.049,1.959,0.049,0.109,5.100,0.500,0.000,2.010,Non Low Gel
52.920,-5.010,2.000,0.011,0.256,0.216,0.102,0.000,0.053,1.925,0.053,0.114,3.200,0.500,0.000,1.430,Non Low Gel
52.560,-5.090,2.000,0.027,0.252,0.000,0.100,0.000,0.051,1.961,0.051,0.120,1.600,0.300,0.000,0.770,Low Gel
52.880,-4.830,2.000,0.009,0.247,0.000,0.097,0.000,0.050,1.940,0.050,0.176,3.000,0.300,0.000,1.140,Low Gel
53.270,-5.270,2.000,0.009,0.239,0.216,0.097,0.000,0.050,1.940,0.050,0.176,5.000,0.800,0.000,2.420,Non Low Gel
53.490,-5.370,2.000,0.004,0.246,0.000,0.098,0.000,0.049,2.000,0.049,0.167,2.300,0.300,0.000,0.920,Low Gel
53.700,-5.030,2.000,0.011,0.245,0.000,0.100,0.000,0.051,1.961,0.051,0.107,3.600,0.400,0.000,1.000,Non Low Gel
53.640,-5.250,2.000,0.007,0.243,0.000,0.098,0.000,0.052,1.885,0.052,0.100,3.100,0.400,0.000,1.440,Non Low Gel
53.880,-5.240,2.000,0.007,0.240,0.000,0.100,0.000,0.051,1.961,0.051,0.110,5.200,0.700,0.000,2.170,Non Low Gel
54.110,-5.070,2.000,0.013,0.245,0.000,0.100,0.000,0.050,2.000,0.050,0.124,3.300,0.400,0.000,1.220,Non Low Gel
53.700,-5.310,2.000,0.011,0.237,0.000,0.100,0.000,0.050,2.000,0.050,0.116,3.000,0.400,0.000,1.450,Non Low Gel
54.530,-4.930,2.000,0.007,0.239,0.000,0.100,0.000,0.051,1.961,0.051,0.091,2.300,0.300,0.000,0.900,Low Gel
53.850,-4.750,2.000,0.018,0.236,0.000,0.098,0.000,0.051,1.922,0.051,0.103,2.600,0.400,0.000,1.170,Non Low Gel
52.920,-5.060,2.000,0.015,0.236,0.000,0.101,0.000,0.050,2.020,0.050,0.113,1.600,0.300,0.000,0.700,Low Gel
54.010,-4.960,2.000,0.009,0.236,0.000,0.098,0.000,0.050,1.960,0.050,0.115,4.400,0.400,0.000,1.410,Non Low Gel
53.170,-5.170,2.000,0.007,0.239,0.000,0.100,0.000,0.053,1.887,0.053,0.107,1.900,0.200,0.000,0.790,Low Gel
52.670,-5.190,2.000,0.016,0.239,0.000,0.100,0.000,0.051,1.961,0.051,0.119,1.700,0.200,0.000,0.750,Low Gel
52.670,-5.190,2.000,0.016,0.239,0.000,0.100,0.000,0.051,1.961,0.051,0.119,1.700,0.200,0.000,0.750,Low Gel
52.660,-5.100,2.000,0.019,0.235,0.000,0.098,0.000,0.050,1.960,0.050,0.109,1.800,0.200,0.000,0.830,Low Gel
53.520,-5.340,2.000,0.003,0.236,0.000,0.102,0.000,0.052,1.962,0.052,0.110,3.000,0.300,0.000,1.200,Low Gel
53.630,-5.120,2.000,0.008,0.236,0.000,0.100,0.000,0.049,2.041,0.049,0.117,2.300,0.500,0.000,1.350,Non Low Gel
53.490,-5.370,2.000,0.010,0.237,0.000,0.099,0.000,0.051,1.941,0.051,0.116,2.300,0.400,0.000,1.100,Non Low Gel
53.640,-5.250,2.000,0.009,0.235,0.000,0.099,0.000,0.051,1.941,0.051,0.110,2.700,0.400,0.000,1.230,Non Low Gel
54.240,-5.130,2.000,0.012,0.239,0.000,0.100,0.000,0.050,2.000,0.050,0.114,2.100,0.300,0.000,0.920,Low Gel
54.240,-5.480,2.000,0.013,0.247,0.000,0.102,0.000,0.052,1.962,0.052,0.109,4.100,0.700,0.000,2.100,Non Low Gel
52.920,-5.110,2.000,0.009,0.253,0.000,0.103,0.000,0.050,2.060,0.050,0.112,2.000,0.400,0.000,1.040,Non Low Gel
53.380,-5.060,2.000,0.009,0.244,0.000,0.100,0.000,0.049,2.041,0.049,0.114,2.000,0.300,0.000,1.030,Low Gel
55.030,-4.700,2.000,0.007,0.241,0.000,0.100,0.000,0.051,1.961,0.051,0.115,1.900,0.300,0.000,0.920,Low Gel
54.590,-4.960,2.000,0.007,0.243,0.000,0.099,0.000,0.051,1.941,0.051,0.118,3.600,0.500,0.000,1.490,Non Low Gel
54.400,-4.940,2.000,0.006,0.247,0.000,0.107,0.000,0.053,2.019,0.053,0.119,2.100,0.300,0.000,0.930,Low Gel
54.430,-4.930,2.000,0.009,0.247,0.000,0.099,0.000,0.047,2.106,0.047,0.114,2.400,0.300,0.000,0.970,Low Gel
54.610,-4.850,2.000,0.011,0.245,0.000,0.099,0.000,0.049,2.020,0.049,0.107,2.600,0.300,0.000,0.980,Low Gel
54.190,-5.220,2.000,0.006,0.242,0.000,0.098,0.000,0.048,2.042,0.048,0.119,4.300,0.500,0.000,1.790,Non Low Gel
54.390,-4.980,2.000,0.008,0.239,0.000,0.098,0.000,0.049,2.000,0.049,0.113,2.700,0.400,0.000,1.200,Non Low Gel
54.070,-4.820,2.000,0.007,0.237,0.000,0.099,0.000,0.048,2.063,0.048,0.106,3.900,0.500,0.000,1.620,Non Low Gel
53.500,-5.490,2.000,0.008,0.238,0.000,0.097,0.000,0.047,2.064,0.047,0.118,1.400,0.300,0.000,0.810,Low Gel
54.400,-5.310,2.000,0.015,0.243,0.000,0.098,0.000,0.049,2.000,0.049,0.120,2.500,0.300,0.000,0.990,Low Gel
53.590,-4.980,2.000,0.033,0.245,0.000,0.099,0.000,0.049,2.020,0.049,0.095,3.600,0.400,0.000,1.360,Non Low Gel
54.390,-5.060,2.000,0.010,0.242,0.000,0.097,0.000,0.048,2.021,0.048,0.109,1.600,0.300,0.000,0.940,Low Gel
52.230,-4.880,2.000,0.019,0.245,0.000,0.096,0.000,0.048,2.000,0.048,0.097,2.500,0.400,0.000,1.190,Non Low Gel
54.040,-5.090,2.000,0.005,0.261,0.000,0.103,0.000,0.049,2.102,0.049,0.096,1.900,0.300,0.000,0.790,Low Gel
52.810,-5.150,2.000,0.041,0.246,0.000,0.102,0.000,0.050,2.040,0.050,0.118,2.200,0.300,0.000,1.010,Low Gel
53.430,-5.180,2.000,0.019,0.245,0.000,0.099,0.000,0.048,2.063,0.048,0.106,1.400,0.300,0.000,0.710,Low Gel
53.500,-5.230,2.000,0.011,0.258,0.000,0.103,0.000,0.051,2.020,0.051,0.120,1.300,0.300,0.000,0.750,Low Gel
53.780,-4.800,2.000,0.009,0.255,0.000,0.099,0.000,0.050,1.980,0.050,0.119,1.300,0.200,0.000,0.610,Low Gel
54.460,-5.050,2.000,0.007,0.253,0.000,0.102,0.000,0.052,1.962,0.052,0.114,2.000,0.400,0.000,1.130,Non Low Gel
54.700,-5.110,2.000,0.008,0.255,0.000,0.102,0.000,0.051,2.000,0.051,0.100,1.600,0.200,0.000,0.640,Low Gel
54.090,-5.180,2.000,0.011,0.253,0.000,0.102,0.000,0.050,2.040,0.050,0.096,1.400,0.200,0.000,0.720,Low Gel
52.230,-5.000,2.000,0.011,0.257,0.000,0.102,0.000,0.052,1.962,0.052,0.108,2.600,0.400,0.000,1.110,Non Low Gel
54.330,-4.960,2.000,0.015,0.253,0.000,0.102,0.000,0.051,2.000,0.051,0.098,2.100,0.500,0.000,1.150,Non Low Gel
54.220,-5.430,2.000,0.009,0.248,0.000,0.101,0.000,0.049,2.061,0.049,0.096,6.600,1.200,0.000,3.520,Non Low Gel
53.740,-5.210,2.000,0.007,0.230,0.000,0.094,0.000,0.046,2.043,0.046,0.084,5.100,0.900,0.000,2.560,Non Low Gel
51.800,-5.070,2.000,0.005,0.228,0.000,0.092,0.000,0.045,2.044,0.045,0.082,4.600,0.900,0.000,2.560,Non Low Gel
53.320,-5.240,2.000,0.003,0.237,0.000,0.094,0.000,0.047,2.000,0.047,0.098,2.700,0.500,0.000,1.300,Non Low Gel
53.540,-5.480,2.000,0.008,0.240,0.000,0.095,0.000,0.045,2.111,0.045,0.091,4.100,0.800,0.000,2.150,Non Low Gel
54.000,-5.150,2.000,0.009,0.238,0.000,0.095,0.000,0.047,2.021,0.047,0.109,5.400,0.700,0.000,2.260,Non Low Gel
52.420,-5.190,2.000,0.009,0.247,0.000,0.096,0.000,0.050,1.920,0.050,0.103,2.500,0.300,0.000,1.040,Low Gel
52.320,-5.220,2.000,0.015,0.244,0.000,0.096,0.000,0.047,2.043,0.047,0.092,1.900,0.400,0.000,1.010,Non Low Gel
52.320,-5.270,2.000,0.011,0.245,0.000,0.098,0.000,0.049,2.000,0.049,0.115,3.200,0.500,0.000,1.440,Non Low Gel
52.880,-5.180,2.000,0.007,0.252,0.000,0.099,0.000,0.044,2.250,0.044,0.099,2.000,0.400,0.000,1.140,Non Low Gel
53.580,-5.020,2.000,0.010,0.246,0.000,0.096,0.000,0.046,2.087,0.046,0.100,3.700,0.500,0.000,1.650,Non Low Gel
53.900,-8.120,2.000,0.011,0.250,0.000,0.096,0.000,0.048,2.000,0.048,0.097,7.900,0.800,0.000,3.020,Non Low Gel
52.310,-5.120,2.000,0.013,0.254,0.000,0.098,0.000,0.049,2.000,0.049,0.090,1.800,0.200,0.000,0.740,Low Gel
53.220,-4.960,2.000,0.009,0.252,0.216,0.096,0.000,0.047,2.043,0.047,0.084,2.200,0.300,0.000,0.880,Low Gel
52.740,-5.330,2.000,0.006,0.000,0.204,0.094,0.000,0.045,2.089,0.045,0.104,2.600,0.400,0.000,1.130,Non Low Gel
53.050,-5.170,2.000,0.013,0.000,0.193,0.098,0.000,0.049,2.000,0.049,0.112,2.600,0.300,0.000,1.080,Low Gel
52.440,-5.080,2.000,0.017,0.000,0.197,0.097,0.000,0.048,2.021,0.048,0.096,2.200,0.300,0.000,0.850,Low Gel
52.810,-5.490,2.000,0.010,0.000,0.199,0.096,0.000,0.048,2.000,0.048,0.106,2.200,0.500,0.000,0.970,Non Low Gel
54.480,-5.440,2.000,0.013,0.000,0.200,0.094,0.000,0.048,1.958,0.048,0.102,2.500,0.500,0.000,1.360,Non Low Gel
53.760,-5.160,2.000,0.017,0.000,0.192,0.094,0.000,0.044,2.136,0.044,0.088,2.600,0.500,0.000,1.370,Non Low Gel
54.000,-5.260,2.000,0.023,0.000,0.188,0.092,0.000,0.043,2.140,0.043,0.090,2.200,0.400,0.000,1.080,Non Low Gel
54.030,-5.000,2.000,0.011,0.000,0.186,0.093,0.000,0.048,1.938,0.048,0.101,2.800,0.500,0.000,1.330,Non Low Gel
54.500,-5.180,2.000,0.008,0.000,0.187,0.097,0.000,0.050,1.940,0.050,0.103,2.600,0.400,0.000,1.040,Non Low Gel
53.780,-5.460,2.000,0.011,0.000,0.183,0.095,0.000,0.044,2.159,0.044,0.104,2.200,0.500,0.000,1.120,Non Low Gel
54.090,-5.040,2.000,0.012,0.000,0.182,0.094,0.000,0.047,2.000,0.047,0.119,2.100,0.200,0.000,0.840,Low Gel
51.100,-5.110,2.000,0.024,0.000,0.185,0.094,0.000,0.045,2.089,0.045,0.092,5.400,0.600,0.000,2.080,Non Low Gel
54.000,-5.460,2.000,0.027,0.000,0.188,0.096,0.000,0.049,1.959,0.049,0.097,2.500,0.500,0.000,1.330,Non Low Gel
54.490,-5.110,2.000,0.026,0.000,0.192,0.096,0.000,0.049,1.959,0.049,0.106,1.900,0.300,0.000,0.910,Low Gel
53.080,-5.240,2.000,0.021,0.000,0.192,0.096,0.000,0.050,1.920,0.050,0.109,2.500,0.500,0.000,1.140,Non Low Gel
54.110,-5.170,2.000,0.011,0.000,0.192,0.086,0.000,0.051,1.686,0.051,0.098,2.300,0.300,0.000,0.900,Low Gel
53.790,-5.330,2.000,0.021,0.000,0.180,0.098,0.000,0.049,2.000,0.049,0.098,2.800,0.500,0.000,1.410,Non Low Gel
54.100,-4.830,2.000,0.003,0.000,0.199,0.092,0.000,0.051,1.804,0.051,0.116,3.000,0.500,0.000,1.300,Non Low Gel
53.710,-4.900,2.000,0.004,0.000,0.199,0.103,0.000,0.051,2.020,0.051,0.112,2.100,0.300,0.000,0.940,Low Gel
54.070,-5.380,2.000,0.012,0.000,0.189,0.099,0.000,0.051,1.941,0.051,0.104,1.700,0.300,0.000,0.920,Low Gel
53.660,-5.190,2.000,0.009,0.000,0.186,0.098,0.000,0.043,2.279,0.043,0.108,4.800,0.800,0.000,2.330,Non Low Gel
53.830,-5.310,2.000,0.005,0.000,0.189,0.096,0.000,0.050,1.920,0.050,0.100,2.800,0.300,0.000,1.040,Low Gel
53.460,-5.300,2.000,0.017,0.000,0.195,0.097,0.000,0.049,1.980,0.049,0.114,2.500,0.400,0.000,1.130,Non Low Gel
53.960,-5.340,2.000,0.011,0.000,0.187,0.096,0.000,0.050,1.920,0.050,0.096,2.600,0.400,0.000,1.390,Non Low Gel
53.310,-5.070,2.000,0.031,0.000,0.191,0.097,0.000,0.051,1.902,0.051,0.110,3.400,0.300,0.000,1.250,Low Gel
53.200,-5.240,2.000,0.011,0.000,0.190,0.096,0.000,0.049,1.959,0.049,0.120,2.200,0.300,0.000,0.850,Low Gel
54.320,-5.310,2.000,0.011,0.000,0.189,0.098,0.000,0.051,1.922,0.051,0.106,2.400,0.300,0.000,0.940,Low Gel
53.400,-4.920,2.000,0.019,0.000,0.193,0.096,0.000,0.042,2.286,0.042,0.104,2.300,0.200,0.000,0.770,Low Gel
51.960,-4.880,2.000,0.009,0.000,0.176,0.000,0.113,0.046,2.457,0.046,0.116,4.100,0.400,0.000,1.380,Non Low Gel
53.440,-5.000,2.000,0.013,0.000,0.185,0.000,0.101,0.047,2.149,0.047,0.110,2.800,0.300,0.000,0.950,Low Gel
54.510,-5.500,2.000,0.029,0.000,0.188,0.000,0.103,0.049,2.102,0.049,0.120,1.900,0.300,0.000,0.830,Low Gel
53.640,-5.150,2.000,0.007,0.000,0.185,0.000,0.102,0.047,2.170,0.047,0.112,4.000,0.700,0.000,1.910,Non Low Gel
54.740,-5.270,2.000,0.007,0.000,0.182,0.000,0.106,0.047,2.255,0.047,0.097,2.000,0.300,0.000,0.960,Low Gel
53.570,-5.100,2.000,0.035,0.000,0.187,0.000,0.106,0.047,2.255,0.047,0.115,2.000,0.300,0.000,0.880,Low Gel
54.510,-4.980,2.000,0.016,0.000,0.187,0.000,0.112,0.048,2.333,0.048,0.098,2.000,0.300,0.000,0.790,Low Gel
52.700,-5.220,2.000,0.007,0.000,0.188,0.000,0.112,0.049,2.286,0.049,0.112,2.400,0.400,0.000,1.110,Non Low Gel
52.910,-4.990,2.000,0.011,0.000,0.188,0.000,0.112,0.047,2.383,0.047,0.114,2.300,0.500,0.000,1.260,Non Low Gel
52.570,-5.140,2.000,0.041,0.000,0.192,0.000,0.114,0.051,2.235,0.051,0.110,4.100,0.600,0.000,1.910,Non Low Gel
54.580,-4.710,2.000,0.010,0.000,0.190,0.000,0.115,0.050,2.300,0.050,0.120,2.200,0.200,0.000,0.840,Low Gel
54.290,-4.900,2.000,0.007,0.000,0.204,0.000,0.133,0.052,2.558,0.052,0.094,3.200,0.400,0.000,1.300,Non Low Gel
53.510,-4.940,2.000,0.005,0.000,0.194,0.000,0.128,0.050,2.560,0.050,0.112,4.400,0.600,0.000,1.960,Non Low Gel
53.520,-5.270,2.000,0.009,0.000,0.180,0.000,0.124,0.046,2.696,0.046,0.110,2.200,0.300,0.000,0.960,Low Gel
50.710,-5.130,2.000,0.007,0.000,0.189,0.000,0.125,0.050,2.500,0.050,0.107,4.700,0.400,0.000,1.750,Non Low Gel
53.730,-5.070,2.000,0.010,0.000,0.185,0.000,0.125,0.048,2.604,0.048,0.119,1.900,0.200,0.000,0.810,Low Gel
53.480,-4.670,2.000,0.007,0.000,0.193,0.000,0.125,0.046,2.717,0.046,0.116,2.500,0.300,0.000,1.190,Low Gel
52.390,-5.090,2.000,0.008,0.000,0.187,0.000,0.125,0.048,2.604,0.048,0.084,2.900,0.500,0.000,1.410,Non Low Gel
54.620,-5.040,2.000,0.005,0.000,0.200,0.000,0.124,0.047,2.638,0.047,0.110,2.400,0.300,0.000,1.000,Low Gel
53.460,-4.940,2.000,0.025,0.000,0.193,0.000,0.127,0.049,2.592,0.049,0.113,5.100,0.900,0.000,1.550,Non Low Gel
53.050,-5.110,2.000,0.006,0.000,0.194,0.000,0.125,0.047,2.660,0.047,0.118,2.000,0.200,0.000,0.700,Low Gel
53.500,-5.000,2.000,0.015,0.000,0.193,0.000,0.125,0.048,2.604,0.048,0.093,5.700,0.600,0.000,2.220,Non Low Gel
53.200,-4.830,2.000,0.009,0.000,0.184,0.000,0.126,0.048,2.625,0.048,0.102,2.400,0.400,0.000,1.110,Non Low Gel
51.570,-4.600,2.000,0.010,0.000,0.192,0.000,0.125,0.050,2.500,0.050,0.112,2.100,0.300,0.000,0.840,Low Gel
53.290,-4.940,2.000,0.019,0.000,0.183,0.000,0.124,0.048,2.583,0.048,0.114,2.600,0.300,0.000,1.060,Low Gel
53.910,-4.560,2.000,0.007,0.000,0.218,0.000,0.124,0.047,2.638,0.047,0.107,3.100,0.500,0.000,1.390,Non Low Gel
52.110,-5.110,2.000,0.011,0.000,0.187,0.000,0.125,0.048,2.604,0.048,0.113,2.700,0.400,0.000,1.250,Non Low Gel
52.750,-4.860,2.000,0.023,0.000,0.185,0.000,0.122,0.047,2.596,0.047,0.092,2.400,0.300,0.000,0.970,Low Gel
53.680,-5.370,2.000,0.007,0.000,0.200,0.000,0.124,0.049,2.531,0.049,0.107,2.500,0.500,0.000,1.180,Non Low Gel
54.400,-5.100,2.000,0.009,0.000,0.193,0.000,0.125,0.050,2.500,0.050,0.120,2.400,0.400,0.000,1.170,Non Low Gel
54.160,-5.100,2.000,0.027,0.000,0.194,0.000,0.123,0.049,2.510,0.049,0.090,3.100,0.700,0.000,1.700,Non Low Gel
54.020,-4.800,2.000,0.019,0.000,0.183,0.000,0.125,0.048,2.604,0.048,0.109,1.800,0.200,0.000,0.730,Low Gel
55.150,-5.100,2.000,0.004,0.000,0.199,0.000,0.129,0.050,2.580,0.050,0.112,4.100,0.600,0.000,1.710,Non Low Gel
53.740,-4.990,2.000,0.005,0.000,0.193,0.000,0.125,0.047,2.660,0.047,0.110,3.900,0.600,0.000,1.730,Non Low Gel
52.690,-5.420,2.000,0.014,0.000,0.188,0.000,0.126,0.048,2.625,0.048,0.103,5.700,0.800,0.000,2.430,Non Low Gel
52.800,-5.320,2.000,0.031,0.000,0.189,0.000,0.124,0.048,2.583,0.048,0.109,4.200,0.500,0.000,1.680,Non Low Gel
53.860,-4.980,2.000,0.010,0.000,0.185,0.000,0.125,0.050,2.500,0.050,0.118,4.600,0.700,0.000,2.050,Non Low Gel
53.120,-4.900,2.000,0.092,0.000,0.184,0.000,0.122,0.049,2.490,0.049,0.092,5.000,0.700,0.000,2.190,Non Low Gel
53.500,-5.610,2.000,0.009,0.000,0.187,0.000,0.122,0.049,2.490,0.049,0.095,4.100,0.400,0.000,1.490,Non Low Gel
53.090,-5.360,2.000,0.027,0.000,0.190,0.000,0.121,0.048,2.521,0.048,0.106,3.200,0.400,0.000,1.240,Non Low Gel
53.600,-4.920,2.000,0.035,0.000,0.188,0.000,0.123,0.051,2.412,0.051,0.112,3.100,0.400,0.000,1.370,Non Low Gel
53.950,-5.110,2.000,0.012,0.000,0.190,0.000,0.124,0.050,2.480,0.050,0.109,2.600,0.400,0.000,1.280,Non Low Gel
55.390,-5.140,2.000,0.002,0.000,0.195,0.000,0.127,0.052,2.442,0.052,0.120,3.400,0.600,0.000,1.620,Non Low Gel
54.260,-4.950,2.000,0.025,0.000,0.187,0.000,0.125,0.051,2.451,0.051,0.092,3.200,0.500,0.000,1.520,Non Low Gel
53.000,-5.060,2.000,0.014,0.000,0.187,0.000,0.124,0.051,2.431,0.051,0.120,2.900,0.400,0.000,1.270,Non Low Gel
53.940,-4.910,2.000,0.007,0.000,0.199,0.000,0.124,0.050,2.480,0.050,0.114,5.000,0.800,0.000,2.160,Non Low Gel
54.820,-5.320,2.000,0.017,0.000,0.191,0.000,0.126,0.050,2.520,0.050,0.116,3.100,0.400,0.000,1.350,Non Low Gel
54.010,-5.210,2.000,0.018,0.000,0.198,0.000,0.128,0.054,2.370,0.054,0.113,2.400,0.300,0.000,1.030,Low Gel
54.090,-4.940,2.000,0.004,0.000,0.191,0.000,0.126,0.052,2.423,0.052,0.113,2.900,0.400,0.000,1.330,Non Low Gel
51.760,-5.000,2.000,0.016,0.000,0.195,0.000,0.125,0.050,2.500,0.050,0.108,2.800,0.400,0.000,1.230,Non Low Gel
54.310,-5.280,2.000,0.026,0.000,0.190,0.000,0.124,0.050,2.480,0.050,0.106,1.800,0.300,0.000,0.840,Low Gel
53.050,-4.990,2.000,0.005,0.000,0.194,0.000,0.128,0.053,2.415,0.053,0.095,3.200,0.600,0.000,1.620,Non Low Gel
53.390,-4.940,2.000,0.021,0.000,0.196,0.000,0.129,0.053,2.434,0.053,0.105,3.800,0.600,0.000,1.790,Non Low Gel
53.770,-5.020,2.000,0.033,0.000,0.190,0.000,0.127,0.051,2.490,0.051,0.109,2.900,0.500,0.000,1.280,Non Low Gel
54.890,-5.740,2.000,0.031,0.000,0.190,0.000,0.127,0.052,2.442,0.052,0.108,2.500,0.300,0.000,1.140,Low Gel
55.150,-5.010,2.000,0.042,0.000,0.178,0.000,0.122,0.054,2.259,0.054,0.103,4.700,0.600,0.000,1.940,Non Low Gel
54.640,-5.330,2.000,0.019,0.000,0.154,0.000,0.123,0.052,2.365,0.052,0.118,8.800,1.500,0.000,4.290,Non Low Gel
51.480,-5.210,2.000,0.009,0.000,0.211,0.000,0.122,0.050,2.440,0.050,0.119,7.000,1.300,0.000,3.560,Non Low Gel
53.680,-5.110,2.000,0.011,0.000,0.208,0.000,0.128,0.051,2.510,0.051,0.119,2.300,0.300,0.000,1.020,Low Gel
53.620,-4.550,2.000,0.011,0.000,0.185,0.000,0.124,0.052,2.385,0.052,0.110,4.100,0.400,0.000,1.530,Non Low Gel
53.050,-5.310,2.000,0.007,0.000,0.193,0.000,0.125,0.054,2.315,0.054,0.106,3.900,0.400,0.000,1.400,Non Low Gel
53.820,-5.060,2.000,0.008,0.256,0.000,0.000,0.123,0.051,2.412,0.051,0.120,4.600,0.500,0.000,1.650,Non Low Gel
54.840,-5.320,2.000,0.008,0.227,0.000,0.000,0.122,0.051,2.392,0.051,0.120,4.200,0.700,0.000,2.180,Non Low Gel
54.100,-5.390,2.000,0.011,0.229,0.000,0.000,0.126,0.049,2.571,0.049,0.120,2.200,0.300,0.000,0.920,Low Gel
53.540,-4.990,2.000,0.009,0.247,0.000,0.000,0.124,0.052,2.385,0.052,0.113,2.500,0.300,0.000,1.040,Low Gel
52.310,-4.820,2.000,0.026,0.237,0.000,0.000,0.121,0.048,2.521,0.048,0.098,4.700,0.600,0.000,2.080,Non Low Gel
53.630,-4.930,2.000,0.014,0.239,0.216,0.000,0.121,0.048,2.521,0.048,0.107,2.600,0.700,0.000,1.550,Non Low Gel
54.700,-5.120,2.000,0.007,0.249,0.000,0.000,0.122,0.052,2.346,0.052,0.116,1.900,0.200,0.000,0.760,Low Gel
54.210,-5.180,2.000,0.007,0.247,0.000,0.000,0.120,0.048,2.500,0.048,0.110,3.500,0.700,0.000,1.880,Non Low Gel
53.540,-5.090,2.000,0.009,0.250,0.216,0.000,0.122,0.050,2.440,0.050,0.116,3.100,0.400,0.000,1.260,Non Low Gel
53.710,-5.350,2.000,0.005,0.249,0.000,0.000,0.121,0.049,2.469,0.049,0.112,1.900,0.200,0.000,0.800,Low Gel
53.750,-5.220,2.000,0.009,0.252,0.000,0.000,0.121,0.050,2.420,0.050,0.109,3.200,0.400,0.000,1.330,Non Low Gel
53.890,-5.010,2.000,0.009,0.251,0.000,0.000,0.122,0.050,2.440,0.050,0.113,3.100,0.400,0.000,1.220,Non Low Gel
52.500,-5.060,2.000,0.006,0.251,0.000,0.000,0.121,0.050,2.420,0.050,0.112,1.700,0.200,0.000,0.650,Low Gel
53.830,-5.150,2.000,0.015,0.249,0.000,0.000,0.122,0.050,2.440,0.050,0.106,2.200,0.300,0.000,0.960,Low Gel
54.080,-5.250,2.000,0.035,0.247,0.000,0.000,0.121,0.049,2.469,0.049,0.100,4.200,0.600,0.000,1.780,Non Low Gel
53.450,-5.140,2.000,0.006,0.251,0.000,0.000,0.121,0.051,2.373,0.051,0.097,3.400,0.400,0.000,1.260,Non Low Gel
56.060,-6.330,2.000,0.022,0.242,0.000,0.000,0.122,0.048,2.542,0.048,0.120,2.800,0.200,0.000,0.930,Low Gel
53.350,-6.540,2.000,0.009,0.259,0.000,0.000,0.119,0.044,2.705,0.044,0.098,2.900,0.200,0.000,0.850,Low Gel
53.850,-5.060,2.000,0.005,0.248,0.000,0.000,0.118,0.050,2.360,0.050,0.103,2.100,0.300,0.000,0.830,Low Gel
53.540,-5.040,2.000,0.011,0.252,0.000,0.000,0.120,0.051,2.353,0.051,0.115,1.800,0.300,0.000,0.740,Low Gel
52.620,-4.830,2.000,0.031,0.252,0.000,0.000,0.119,0.050,2.380,0.050,0.085,2.400,0.400,0.000,1.470,Non Low Gel
54.020,-5.240,2.000,0.011,0.248,0.000,0.000,0.118,0.048,2.458,0.048,0.104,2.200,0.300,0.000,0.920,Low Gel
53.390,-4.960,2.000,0.035,0.251,0.000,0.000,0.119,0.050,2.380,0.050,0.096,2.400,0.500,0.000,1.220,Non Low Gel
53.160,-4.950,2.000,0.004,0.248,0.216,0.000,0.119,0.051,2.333,0.051,0.097,2.300,0.300,0.000,1.010,Low Gel
52.850,-5.100,2.000,0.015,0.255,0.000,0.000,0.122,0.051,2.392,0.051,0.112,1.300,0.200,0.000,0.710,Low Gel
52.850,-5.100,2.000,0.015,0.255,0.000,0.000,0.122,0.051,2.392,0.051,0.112,1.300,0.200,0.000,0.710,Low Gel
53.710,-5.280,2.000,0.026,0.243,0.000,0.000,0.119,0.051,2.333,0.051,0.112,1.800,0.300,0.000,0.790,Low Gel
53.870,-4.760,2.000,0.011,0.244,0.000,0.000,0.119,0.049,2.429,0.049,0.109,1.800,0.300,0.000,0.880,Low Gel
54.180,-4.940,2.000,0.010,0.242,0.000,0.000,0.116,0.048,2.417,0.048,0.110,2.700,0.500,0.000,1.370,Non Low Gel
54.400,-5.200,2.000,0.007,0.252,0.000,0.000,0.120,0.043,2.791,0.043,0.106,2.500,0.300,0.000,1.020,Low Gel
53.150,-5.000,2.000,0.007,0.245,0.216,0.000,0.116,0.050,2.320,0.050,0.110,3.100,0.100,0.000,0.800,Low Gel
53.370,-4.860,2.000,0.021,0.248,0.000,0.000,0.118,0.048,2.458,0.048,0.102,2.800,0.400,0.000,1.190,Non Low Gel
53.740,-5.150,2.000,0.032,0.251,0.000,0.000,0.119,0.051,2.333,0.051,0.115,3.200,0.400,0.000,1.350,Non Low Gel
53.610,-5.460,2.000,0.013,0.248,0.000,0.000,0.118,0.050,2.360,0.050,0.110,2.300,0.300,0.000,0.900,Low Gel
53.360,-4.870,2.000,0.025,0.254,0.000,0.000,0.119,0.053,2.245,0.053,0.110,2.100,0.300,0.000,0.830,Low Gel
54.390,-5.170,2.000,0.017,0.253,0.000,0.000,0.120,0.051,2.353,0.051,0.120,2.000,0.300,0.000,0.830,Low Gel
54.530,-4.880,2.000,0.015,0.250,0.000,0.000,0.117,0.051,2.294,0.051,0.109,3.400,0.400,0.000,1.410,Non Low Gel
53.220,-5.090,2.000,0.009,0.255,0.000,0.000,0.120,0.045,2.667,0.045,0.103,5.600,0.800,0.000,2.470,Non Low Gel
54.720,-5.160,2.000,0.011,0.251,0.000,0.000,0.117,0.041,2.854,0.041,0.104,2.800,0.600,0.000,1.490,Non Low Gel
54.120,-5.120,2.000,0.030,0.247,0.000,0.000,0.118,0.055,2.145,0.055,0.106,3.200,0.300,0.000,1.130,Low Gel
52.330,-5.170,2.000,0.010,0.250,0.000,0.000,0.118,0.056,2.107,0.056,0.084,3.100,0.700,0.000,1.900,Non Low Gel
53.140,-4.830,2.000,0.008,0.244,0.000,0.000,0.120,0.052,2.308,0.052,0.115,2.600,0.500,0.000,1.410,Non Low Gel
55.310,-5.230,2.000,0.027,0.000,0.196,0.000,0.119,0.049,2.429,0.049,0.119,5.000,0.900,0.000,2.430,Non Low Gel
52.370,-4.900,2.000,0.013,0.000,0.198,0.000,0.116,0.048,2.417,0.048,0.110,4.200,0.800,0.000,2.080,Non Low Gel
55.110,-5.310,2.000,0.012,0.000,0.190,0.000,0.117,0.047,2.489,0.047,0.118,3.600,0.500,0.000,1.530,Non Low Gel
53.910,-4.870,2.000,0.007,0.000,0.205,0.000,0.120,0.050,2.400,0.050,0.114,4.600,0.600,0.000,2.150,Non Low Gel
56.260,-4.730,2.000,0.025,0.000,0.205,0.000,0.125,0.051,2.451,0.051,0.120,3.700,0.400,0.000,1.500,Non Low Gel
55.830,-4.650,2.000,0.016,0.000,0.214,0.000,0.132,0.059,2.237,0.059,0.120,7.100,1.200,0.000,3.410,Non Low Gel
52.490,-4.930,2.000,0.027,0.000,0.194,0.000,0.118,0.049,2.408,0.049,0.106,3.700,0.500,0.000,1.570,Non Low Gel
54.880,-5.000,2.000,0.016,0.000,0.188,0.000,0.117,0.051,2.294,0.051,0.112,3.500,0.600,0.000,1.790,Non Low Gel
55.620,-5.410,2.000,0.011,0.000,0.182,0.000,0.117,0.051,2.294,0.051,0.115,3.200,0.800,0.000,1.970,Non Low Gel
54.460,-5.160,2.000,0.023,0.000,0.185,0.000,0.116,0.050,2.320,0.050,0.110,2.600,0.400,0.000,1.170,Non Low Gel
53.910,-4.950,2.000,0.034,0.000,0.187,0.000,0.119,0.054,2.204,0.054,0.119,2.700,0.400,0.000,1.330,Non Low Gel
53.180,-5.240,2.000,0.008,0.000,0.188,0.000,0.120,0.054,2.222,0.054,0.101,2.600,0.400,0.000,1.200,Non Low Gel
54.940,-5.210,2.000,0.007,0.000,0.178,0.000,0.118,0.049,2.408,0.049,0.112,2.200,0.400,0.000,1.070,Non Low Gel
53.160,-4.990,2.000,0.006,0.000,0.182,0.000,0.116,0.047,2.468,0.047,0.116,2.800,0.300,0.000,1.100,Low Gel
54.340,-4.870,2.000,0.011,0.000,0.206,0.000,0.121,0.050,2.420,0.050,0.110,4.100,0.900,0.000,2.440,Non Low Gel
52.790,-5.180,2.000,0.006,0.252,0.000,0.000,0.114,0.045,2.533,0.045,0.112,3.500,0.600,0.000,1.600,Non Low Gel
53.500,-5.200,2.000,0.009,0.253,0.000,0.000,0.116,0.046,2.522,0.046,0.110,1.800,0.200,0.000,0.690,Low Gel
54.290,-5.380,2.000,0.016,0.258,0.000,0.000,0.117,0.051,2.294,0.051,0.109,2.100,0.400,0.000,0.990,Non Low Gel
53.490,-4.910,2.000,0.011,0.266,0.000,0.000,0.119,0.055,2.164,0.055,0.112,2.400,0.500,0.000,1.230,Non Low Gel
53.410,-5.030,2.000,0.013,0.268,0.000,0.000,0.118,0.050,2.360,0.050,0.115,3.800,0.500,0.000,1.650,Non Low Gel
53.070,-5.370,2.000,0.007,0.240,0.216,0.000,0.115,0.048,2.396,0.048,0.102,3.000,0.300,0.000,1.340,Low Gel
53.950,-5.240,2.000,0.013,0.246,0.000,0.000,0.115,0.050,2.300,0.050,0.113,3.200,0.500,0.000,1.530,Non Low Gel
53.840,-4.910,2.000,0.023,0.242,0.000,0.000,0.114,0.049,2.327,0.049,0.108,2.600,0.400,0.000,1.160,Non Low Gel
54.310,-5.580,2.000,0.015,0.248,0.216,0.092,0.000,0.051,1.804,0.051,0.110,2.400,0.400,0.000,1.150,Non Low Gel
53.170,-4.910,2.000,0.022,0.249,0.000,0.095,0.000,0.052,1.827,0.052,0.106,2.700,0.500,0.000,1.410,Non Low Gel
53.260,-5.080,2.000,0.007,0.249,0.000,0.096,0.000,0.052,1.846,0.052,0.107,2.700,0.300,0.000,1.040,Low Gel
54.340,-5.350,2.000,0.023,0.249,0.000,0.099,0.000,0.051,1.941,0.051,0.103,3.400,0.400,0.000,1.440,Non Low Gel
53.130,-5.480,2.000,0.008,0.249,0.000,0.113,0.000,0.049,2.306,0.049,0.110,2.600,0.500,0.000,1.250,Non Low Gel
54.810,-5.250,2.000,0.024,0.250,0.000,0.098,0.000,0.050,1.960,0.050,0.114,4.000,0.500,0.000,1.720,Non Low Gel
54.110,-5.490,2.000,0.007,0.254,0.000,0.000,0.116,0.050,2.320,0.050,0.103,3.500,0.500,0.000,1.520,Non Low Gel
52.310,-5.280,2.000,0.007,0.253,0.000,0.000,0.116,0.047,2.468,0.047,0.101,2.100,0.400,0.000,0.990,Non Low Gel
54.240,-5.170,2.000,0.015,0.253,0.000,0.000,0.117,0.048,2.438,0.048,0.110,3.500,1.000,0.000,2.240,Non Low Gel
54.200,-5.080,2.000,0.012,0.253,0.000,0.000,0.117,0.049,2.388,0.049,0.113,2.200,0.200,0.000,0.790,Low Gel
55.700,-4.890,2.000,0.013,0.269,0.000,0.000,0.120,0.051,2.353,0.051,0.118,1.500,5.000,0.000,1.220,Non Low Gel
54.930,-5.100,2.000,0.011,0.259,0.000,0.000,0.119,0.051,2.333,0.051,0.115,1.900,0.300,0.000,0.970,Low Gel
53.920,-5.390,2.000,0.013,0.255,0.000,0.000,0.119,0.052,2.288,0.052,0.096,2.100,0.400,0.000,1.040,Non Low Gel
53.680,-5.040,2.000,0.013,0.259,0.000,0.000,0.120,0.054,2.222,0.054,0.102,3.300,0.500,0.000,1.430,Non Low Gel
54.980,-5.340,2.000,0.005,0.254,0.000,0.000,0.117,0.049,2.388,0.049,0.114,3.200,0.400,0.000,1.220,Non Low Gel
52.130,-5.220,2.000,0.007,0.251,0.000,0.000,0.118,0.050,2.360,0.050,0.103,3.100,0.500,0.000,1.560,Non Low Gel
54.240,-5.160,2.000,0.009,0.251,0.000,0.000,0.117,0.050,2.340,0.050,0.112,4.500,0.800,0.000,2.200,Non Low Gel
52.290,-5.090,2.000,0.007,0.248,0.000,0.000,0.118,0.052,2.269,0.052,0.119,2.400,0.500,0.000,1.350,Non Low Gel
52.580,-4.960,2.000,0.005,0.253,0.000,0.000,0.120,0.049,2.449,0.049,0.100,2.700,0.400,0.000,1.140,Non Low Gel
54.330,-4.810,2.000,0.009,0.265,0.000,0.000,0.122,0.049,2.490,0.049,0.119,3.600,0.800,0.000,2.030,Non Low Gel
54.980,-5.180,2.000,0.011,0.258,0.000,0.000,0.120,0.049,2.449,0.049,0.110,3.800,0.600,0.000,1.830,Non Low Gel
54.140,-4.850,2.000,0.005,0.257,0.000,0.000,0.120,0.051,2.353,0.051,0.095,2.400,0.300,0.000,1.010,Low Gel
54.410,-5.100,2.000,0.027,0.262,0.000,0.000,0.122,0.053,2.302,0.053,0.108,2.400,0.300,0.000,1.130,Low Gel
54.860,-5.500,2.000,0.008,0.261,0.000,0.000,0.122,0.051,2.392,0.051,0.103,1.400,0.200,0.000,0.550,Low Gel
54.850,-5.270,2.000,0.016,0.260,0.000,0.000,0.121,0.050,2.420,0.050,0.101,4.600,0.600,0.000,1.460,Non Low Gel
54.780,-5.320,2.000,0.005,0.254,0.000,0.000,0.121,0.051,2.373,0.051,0.109,2.500,0.300,0.000,1.010,Low Gel
55.080,-4.960,2.000,0.021,0.253,0.000,0.000,0.120,0.051,2.353,0.051,0.114,2.900,0.400,0.000,1.250,Non Low Gel
53.830,-5.690,2.000,0.007,0.253,0.000,0.000,0.118,0.049,2.408,0.049,0.108,2.400,0.300,0.000,1.080,Low Gel
53.520,-5.450,2.000,0.020,0.248,0.000,0.000,0.118,0.049,2.408,0.049,0.092,1.400,0.300,0.000,0.760,Low Gel
53.260,-5.210,2.000,0.005,0.253,0.000,0.000,0.121,0.053,2.283,0.053,0.112,2.200,0.300,0.000,1.020,Low Gel
54.750,-5.170,2.000,0.011,0.253,0.000,0.000,0.120,0.053,2.264,0.053,0.116,3.000,0.400,0.000,1.270,Non Low Gel
54.010,-5.560,2.000,0.011,0.252,0.000,0.000,0.121,0.053,2.283,0.053,0.106,3.300,0.400,0.000,1.430,Non Low Gel
54.420,-5.290,2.000,0.011,0.250,0.000,0.000,0.120,0.050,2.400,0.050,0.118,2.700,0.400,0.000,1.180,Non Low Gel
52.710,-5.220,2.000,0.011,0.231,0.000,0.000,0.120,0.050,2.400,0.050,0.113,2.100,0.200,0.000,0.890,Low Gel
55.050,-4.850,2.000,0.019,0.000,0.195,0.000,0.121,0.053,2.283,0.053,0.109,2.800,0.400,0.000,1.300,Non Low Gel
54.570,-4.890,2.000,0.008,0.000,0.219,0.000,0.121,0.054,2.241,0.054,0.100,2.300,0.400,0.000,1.130,Non Low Gel
54.650,-5.110,2.000,0.009,0.000,0.208,0.000,0.121,0.051,2.373,0.051,0.120,1.500,0.200,0.000,0.670,Low Gel
54.800,-4.680,2.000,0.024,0.000,0.206,0.000,0.120,0.051,2.353,0.051,0.113,2.400,0.300,0.000,0.990,Low Gel
54.510,-5.160,2.000,0.011,0.000,0.206,0.000,0.120,0.051,2.353,0.051,0.112,1.700,0.200,0.000,0.660,Low Gel
54.670,-5.180,2.000,0.007,0.000,0.200,0.000,0.121,0.050,2.420,0.050,0.109,1.900,0.300,0.000,0.980,Low Gel
54.920,-5.460,2.000,0.020,0.000,0.201,0.000,0.121,0.052,2.327,0.052,0.120,1.400,0.200,0.000,0.570,Low Gel
53.930,-5.340,2.000,0.005,0.000,0.197,0.000,0.120,0.053,2.264,0.053,0.110,1.400,0.200,0.000,0.580,Low Gel
54.070,-4.910,2.000,0.013,0.000,0.191,0.000,0.121,0.052,2.327,0.052,0.120,2.200,0.400,0.000,1.130,Non Low Gel
55.020,-4.620,2.000,0.005,0.000,0.188,0.000,0.120,0.054,2.222,0.054,0.082,1.700,0.300,0.000,0.930,Low Gel
54.070,-5.170,2.000,0.006,0.000,0.189,0.000,0.119,0.051,2.333,0.051,0.116,2.100,0.300,0.000,0.900,Low Gel
54.780,-5.030,2.000,0.017,0.000,0.190,0.000,0.118,0.050,2.360,0.050,0.120,2.100,0.300,0.000,0.890,Low Gel
54.380,-5.040,2.000,0.003,0.000,0.193,0.000,0.120,0.051,2.353,0.051,0.118,1.600,0.200,0.000,0.730,Low Gel
55.070,-5.060,2.000,0.011,0.000,0.184,0.000,0.120,0.054,2.222,0.054,0.118,3.600,0.600,0.000,1.630,Non Low Gel
55.550,-5.220,2.000,0.017,0.000,0.193,0.000,0.118,0.053,2.226,0.053,0.114,1.600,0.200,0.000,0.720,Low Gel
54.030,-5.140,2.000,0.007,0.000,0.191,0.000,0.120,0.054,2.222,0.054,0.116,1.400,0.100,0.000,0.520,Low Gel
55.140,-5.610,2.000,0.011,0.000,0.194,0.000,0.120,0.055,2.182,0.055,0.115,1.700,0.100,0.000,0.570,Low Gel
54.900,-5.550,2.000,0.004,0.000,0.190,0.000,0.118,0.053,2.226,0.053,0.107,2.300,0.300,0.000,1.030,Low Gel
53.930,-5.490,2.000,0.006,0.000,0.192,0.000,0.120,0.053,2.264,0.053,0.120,3.100,0.400,0.000,1.200,Non Low Gel
55.190,-5.060,2.000,0.024,0.000,0.188,0.000,0.119,0.052,2.288,0.052,0.100,1.900,0.300,0.000,0.830,Low Gel
54.900,-5.210,2.000,0.010,0.000,0.191,0.000,0.120,0.053,2.264,0.053,0.116,2.100,0.400,0.000,0.970,Non Low Gel
54.110,-5.320,2.000,0.005,0.000,0.200,0.000,0.120,0.052,2.308,0.052,0.118,1.900,0.200,0.000,0.740,Low Gel
54.290,-5.420,2.000,0.012,0.000,0.188,0.000,0.119,0.053,2.245,0.053,0.108,3.000,0.600,0.000,1.460,Non Low Gel
54.490,-5.070,2.000,0.011,0.000,0.189,0.000,0.119,0.055,2.164,0.055,0.120,2.800,0.300,0.000,1.120,Low Gel
53.480,-5.080,2.000,0.005,0.000,0.191,0.000,0.119,0.054,2.204,0.054,0.108,3.200,0.600,0.000,1.610,Non Low Gel
54.370,-5.110,2.000,0.009,0.000,0.189,0.000,0.117,0.052,2.250,0.052,0.116,2.100,0.400,0.000,1.090,Non Low Gel
54.530,-5.270,2.000,0.008,0.000,0.187,0.000,0.118,0.053,2.226,0.053,0.101,1.900,0.400,0.000,1.050,Non Low Gel
54.090,-5.350,2.000,0.008,0.000,0.189,0.000,0.118,0.053,2.226,0.053,0.113,3.100,1.800,0.000,2.640,Non Low Gel
54.520,-5.160,2.000,0.007,0.000,0.186,0.000,0.118,0.052,2.269,0.052,0.113,3.100,0.400,0.000,1.890,Non Low Gel
54.070,-5.320,2.000,0.007,0.000,0.187,0.000,0.116,0.051,2.275,0.051,0.118,3.300,0.400,0.000,1.460,Non Low Gel
54.570,-5.250,2.000,0.028,0.000,0.186,0.000,0.120,0.052,2.308,0.052,0.094,3.200,0.400,0.000,1.370,Non Low Gel
53.320,-5.040,2.000,0.007,0.000,0.189,0.000,0.120,0.052,2.308,0.052,0.115,4.400,1.000,0.000,2.640,Non Low Gel
54.770,-5.280,2.000,0.013,0.000,0.185,0.000,0.119,0.054,2.204,0.054,0.110,1.400,0.200,0.000,0.610,Low Gel
54.480,-5.070,2.000,0.016,0.000,0.189,0.000,0.118,0.053,2.226,0.053,0.108,3.300,0.500,0.000,1.510,Non Low Gel
54.930,-5.170,2.000,0.011,0.000,0.188,0.000,0.120,0.052,2.308,0.052,0.106,2.500,0.200,0.000,0.910,Low Gel
54.840,-5.390,2.000,0.007,0.000,0.187,0.000,0.118,0.049,2.408,0.049,0.102,2.500,0.500,0.000,1.300,Non Low Gel
54.970,-5.210,2.000,0.012,0.000,0.189,0.000,0.120,0.049,2.449,0.049,0.101,2.200,0.200,0.000,0.740,Low Gel
54.190,-5.410,2.000,0.019,0.000,0.192,0.000,0.119,0.048,2.479,0.048,0.107,2.800,0.600,0.000,1.530,Non Low Gel
52.510,-5.160,2.000,0.022,0.000,0.191,0.000,0.118,0.050,2.360,0.050,0.111,2.300,0.300,0.000,0.930,Low Gel
54.570,-5.060,2.000,0.013,0.000,0.189,0.000,0.120,0.051,2.353,0.051,0.108,1.800,0.200,0.000,0.710,Low Gel
53.220,-5.440,2.000,0.014,0.000,0.189,0.000,0.119,0.052,2.288,0.052,0.114,3.500,0.500,0.000,1.640,Non Low Gel
53.990,-5.300,2.000,0.029,0.000,0.189,0.000,0.120,0.052,2.308,0.052,0.109,2.200,0.300,0.000,0.860,Low Gel
53.840,-5.080,2.000,0.022,0.000,0.190,0.000,0.120,0.052,2.308,0.052,0.106,2.400,0.200,0.000,0.820,Low Gel
54.530,-5.510,2.000,0.015,0.000,0.190,0.000,0.119,0.051,2.333,0.051,0.095,1.400,0.300,0.000,0.800,Low Gel
53.230,-5.240,2.000,0.015,0.000,0.185,0.000,0.119,0.049,2.429,0.049,0.110,1.800,0.300,0.000,0.790,Low Gel
53.040,-5.160,2.000,0.014,0.000,0.191,0.000,0.118,0.049,2.408,0.049,0.098,1.000,0.200,0.000,0.410,Low Gel
53.780,-4.670,2.000,0.007,0.000,0.183,0.000,0.120,0.051,2.353,0.051,0.118,1.900,0.200,0.000,0.680,Low Gel
53.390,-5.300,2.000,0.010,0.000,0.188,0.000,0.119,0.052,2.288,0.052,0.096,1.500,0.300,0.000,0.660,Low Gel
53.790,-5.260,2.000,0.035,0.000,0.185,0.000,0.120,0.051,2.353,0.051,0.113,2.300,0.300,0.000,1.040,Low Gel
53.280,-5.140,2.000,0.008,0.000,0.183,0.000,0.118,0.051,2.314,0.051,0.103,2.600,0.500,0.000,1.370,Non Low Gel
53.790,-5.260,2.000,0.015,0.000,0.188,0.000,0.119,0.051,2.333,0.051,0.098,1.900,0.300,0.000,0.810,Low Gel